{"cameraMode":{"drawMode":0,"name":"Shaded","section":"Shading Mode"},"sceneLighting":true,"audioPlay":false,"sceneViewState":{"showFog":true,"showMaterialUpdate":false,"showSkybox":true,"showFlares":true,"showImageEffects":true,"showParticleSystems":true},"in2DMode":false,"pivot":{"x":57.71066665649414,"y":24.808467864990236,"z":56.957740783691409},"rotation":{"x":0.14278651773929597,"y":-0.8560273051261902,"z":0.32602518796920779,"w":0.37490445375442507},"size":2.3696417808532717,"orthographic":false}